Document_ID,Processing_Days,Clerk_ID,Case_Type,Filing_Method,Timestamp
DOC-001,14.92,CLK-Adams,Civil,Electronic,2026-01-02 08:15
DOC-002,15.18,CLK-Adams,Civil,Electronic,2026-01-02 08:30
DOC-003,14.85,CLK-Adams,Criminal,Electronic,2026-01-02 08:45
DOC-004,15.23,CLK-Baker,Civil,Electronic,2026-01-02 09:00
DOC-005,14.97,CLK-Baker,Civil,Electronic,2026-01-02 09:15
DOC-006,15.11,CLK-Baker,Criminal,Electronic,2026-01-02 09:30
DOC-007,15.05,CLK-Adams,Civil,Paper,2026-01-02 10:00
DOC-008,14.88,CLK-Adams,Civil,Paper,2026-01-02 10:15
DOC-009,15.19,CLK-Adams,Criminal,Paper,2026-01-02 10:30
DOC-010,15.02,CLK-Baker,Civil,Paper,2026-01-02 10:45
DOC-011,14.91,CLK-Baker,Civil,Paper,2026-01-02 11:00
DOC-012,15.14,CLK-Baker,Criminal,Paper,2026-01-02 11:15
DOC-013,15.08,CLK-Adams,Civil,Electronic,2026-01-03 08:15
DOC-014,14.95,CLK-Adams,Civil,Electronic,2026-01-03 08:30
DOC-015,15.21,CLK-Adams,Criminal,Electronic,2026-01-03 08:45
DOC-016,14.87,CLK-Baker,Civil,Electronic,2026-01-03 09:00
DOC-017,15.16,CLK-Baker,Civil,Electronic,2026-01-03 09:15
DOC-018,15.03,CLK-Baker,Criminal,Electronic,2026-01-03 09:30
DOC-019,14.99,CLK-Adams,Civil,Paper,2026-01-03 10:00
DOC-020,15.12,CLK-Adams,Civil,Paper,2026-01-03 10:15
DOC-021,14.84,CLK-Adams,Criminal,Paper,2026-01-03 10:30
DOC-022,15.25,CLK-Baker,Civil,Paper,2026-01-03 10:45
DOC-023,14.93,CLK-Baker,Civil,Paper,2026-01-03 11:00
DOC-024,15.07,CLK-Baker,Criminal,Paper,2026-01-03 11:15
DOC-025,15.15,CLK-Adams,Civil,Electronic,2026-01-04 08:15
DOC-026,14.89,CLK-Adams,Civil,Electronic,2026-01-04 08:30
DOC-027,15.04,CLK-Adams,Criminal,Electronic,2026-01-04 08:45
DOC-028,15.22,CLK-Baker,Civil,Electronic,2026-01-04 09:00
DOC-029,14.96,CLK-Baker,Civil,Electronic,2026-01-04 09:15
DOC-030,15.10,CLK-Baker,Criminal,Electronic,2026-01-04 09:30
DOC-031,14.82,CLK-Adams,Civil,Paper,2026-01-04 10:00
DOC-032,15.17,CLK-Adams,Civil,Paper,2026-01-04 10:15
DOC-033,15.01,CLK-Adams,Criminal,Paper,2026-01-04 10:30
DOC-034,14.94,CLK-Baker,Civil,Paper,2026-01-04 10:45
DOC-035,15.13,CLK-Baker,Civil,Paper,2026-01-04 11:00
DOC-036,15.06,CLK-Baker,Criminal,Paper,2026-01-04 11:15
DOC-037,15.20,CLK-Adams,Civil,Electronic,2026-01-05 08:15
DOC-038,14.86,CLK-Adams,Civil,Electronic,2026-01-05 08:30
DOC-039,15.09,CLK-Adams,Criminal,Electronic,2026-01-05 08:45
DOC-040,14.98,CLK-Baker,Civil,Electronic,2026-01-05 09:00
DOC-041,15.24,CLK-Baker,Civil,Electronic,2026-01-05 09:15
DOC-042,14.90,CLK-Baker,Criminal,Electronic,2026-01-05 09:30
DOC-043,15.02,CLK-Adams,Civil,Paper,2026-01-05 10:00
DOC-044,15.18,CLK-Adams,Civil,Paper,2026-01-05 10:15
DOC-045,14.83,CLK-Adams,Criminal,Paper,2026-01-05 10:30
DOC-046,15.11,CLK-Baker,Civil,Paper,2026-01-05 10:45
DOC-047,14.95,CLK-Baker,Civil,Paper,2026-01-05 11:00
DOC-048,15.08,CLK-Baker,Criminal,Paper,2026-01-05 11:15
DOC-049,15.14,CLK-Adams,Civil,Electronic,2026-01-06 08:15
DOC-050,14.92,CLK-Adams,Civil,Electronic,2026-01-06 08:30
